{"Version":1,"ManifestType":"Publish","Endpoints":[{"Route":"PatientSelfRegistration.3kvoqjzpr2.html","AssetFile":"PatientSelfRegistration.html","Selectors":[],"ResponseHeaders":[{"Name":"Accept-Ranges","Value":"bytes"},{"Name":"Cache-Control","Value":"max-age=31536000, immutable"},{"Name":"Content-Length","Value":"13562"},{"Name":"Content-Type","Value":"text/html"},{"Name":"ETag","Value":"\"w6s852t0pDkkHf+FeqYGTKvwm4a25MKD9p257p53pn8=\""},{"Name":"Last-Modified","Value":"Fri, 07 Feb 2025 14:41:40 GMT"}],"EndpointProperties":[{"Name":"fingerprint","Value":"3kvoqjzpr2"},{"Name":"integrity","Value":"sha256-w6s852t0pDkkHf+FeqYGTKvwm4a25MKD9p257p53pn8="},{"Name":"label","Value":"PatientSelfRegistration.html"}]},{"Route":"PatientSelfRegistration.html","AssetFile":"PatientSelfRegistration.html","Selectors":[],"ResponseHeaders":[{"Name":"Accept-Ranges","Value":"bytes"},{"Name":"Cache-Control","Value":"no-cache"},{"Name":"Content-Length","Value":"13562"},{"Name":"Content-Type","Value":"text/html"},{"Name":"ETag","Value":"\"w6s852t0pDkkHf+FeqYGTKvwm4a25MKD9p257p53pn8=\""},{"Name":"Last-Modified","Value":"Fri, 07 Feb 2025 14:41:40 GMT"}],"EndpointProperties":[{"Name":"integrity","Value":"sha256-w6s852t0pDkkHf+FeqYGTKvwm4a25MKD9p257p53pn8="}]},{"Route":"invalid.html","AssetFile":"invalid.html","Selectors":[],"ResponseHeaders":[{"Name":"Accept-Ranges","Value":"bytes"},{"Name":"Cache-Control","Value":"no-cache"},{"Name":"Content-Length","Value":"994"},{"Name":"Content-Type","Value":"text/html"},{"Name":"ETag","Value":"\"JgF+eSOxoDCcIteMLS7kRegoYzMXSEvE+WJbToChDTU=\""},{"Name":"Last-Modified","Value":"Fri, 06 Dec 2024 05:09:52 GMT"}],"EndpointProperties":[{"Name":"integrity","Value":"sha256-JgF+eSOxoDCcIteMLS7kRegoYzMXSEvE+WJbToChDTU="}]},{"Route":"invalid.u3x1xk9a4l.html","AssetFile":"invalid.html","Selectors":[],"ResponseHeaders":[{"Name":"Accept-Ranges","Value":"bytes"},{"Name":"Cache-Control","Value":"max-age=31536000, immutable"},{"Name":"Content-Length","Value":"994"},{"Name":"Content-Type","Value":"text/html"},{"Name":"ETag","Value":"\"JgF+eSOxoDCcIteMLS7kRegoYzMXSEvE+WJbToChDTU=\""},{"Name":"Last-Modified","Value":"Fri, 06 Dec 2024 05:09:52 GMT"}],"EndpointProperties":[{"Name":"fingerprint","Value":"u3x1xk9a4l"},{"Name":"integrity","Value":"sha256-JgF+eSOxoDCcIteMLS7kRegoYzMXSEvE+WJbToChDTU="},{"Name":"label","Value":"invalid.html"}]}]}